date,service,successful_units,unit
2026-08-01,demand-forecasting,1010,forecasts
2026-08-01,payment-risk,2010,transactions
2026-08-01,predictive-maintenance,3010,sensor_readings
2026-08-01,aiops-triage,2,reviewed_incidents
2026-08-02,demand-forecasting,1020,forecasts
2026-08-02,payment-risk,2020,transactions
2026-08-02,predictive-maintenance,3020,sensor_readings
2026-08-02,aiops-triage,4,reviewed_incidents
2026-08-03,demand-forecasting,1030,forecasts
2026-08-03,payment-risk,2030,transactions
2026-08-03,predictive-maintenance,3030,sensor_readings
2026-08-03,aiops-triage,6,reviewed_incidents
2026-08-04,demand-forecasting,1040,forecasts
2026-08-04,payment-risk,2040,transactions
2026-08-04,predictive-maintenance,3040,sensor_readings
2026-08-04,aiops-triage,8,reviewed_incidents
2026-08-05,demand-forecasting,1050,forecasts
2026-08-05,payment-risk,2050,transactions
2026-08-05,predictive-maintenance,3050,sensor_readings
2026-08-05,aiops-triage,10,reviewed_incidents
2026-08-06,demand-forecasting,1060,forecasts
2026-08-06,payment-risk,2060,transactions
2026-08-06,predictive-maintenance,3060,sensor_readings
2026-08-06,aiops-triage,12,reviewed_incidents
2026-08-07,demand-forecasting,1070,forecasts
2026-08-07,payment-risk,2070,transactions
2026-08-07,predictive-maintenance,3070,sensor_readings
2026-08-07,aiops-triage,14,reviewed_incidents
2026-08-08,demand-forecasting,1080,forecasts
2026-08-08,payment-risk,2080,transactions
2026-08-08,predictive-maintenance,3080,sensor_readings
2026-08-08,aiops-triage,16,reviewed_incidents
2026-08-09,demand-forecasting,1090,forecasts
2026-08-09,payment-risk,2090,transactions
2026-08-09,predictive-maintenance,3090,sensor_readings
2026-08-09,aiops-triage,18,reviewed_incidents
2026-08-10,demand-forecasting,1100,forecasts
2026-08-10,payment-risk,2100,transactions
2026-08-10,predictive-maintenance,3100,sensor_readings
2026-08-10,aiops-triage,20,reviewed_incidents
2026-08-11,demand-forecasting,1110,forecasts
2026-08-11,payment-risk,2110,transactions
2026-08-11,predictive-maintenance,3110,sensor_readings
2026-08-11,aiops-triage,22,reviewed_incidents
2026-08-12,demand-forecasting,1120,forecasts
2026-08-12,payment-risk,2120,transactions
2026-08-12,predictive-maintenance,3120,sensor_readings
2026-08-12,aiops-triage,24,reviewed_incidents
2026-08-13,demand-forecasting,1130,forecasts
2026-08-13,payment-risk,2130,transactions
2026-08-13,predictive-maintenance,3130,sensor_readings
2026-08-13,aiops-triage,26,reviewed_incidents
2026-08-14,demand-forecasting,1140,forecasts
2026-08-14,payment-risk,2140,transactions
2026-08-14,predictive-maintenance,3140,sensor_readings
2026-08-14,aiops-triage,28,reviewed_incidents
